{
    "DecisionTree": 0.031144380569458008,
    "RandomForest": 0.07611584663391113,
    "AdaBoost": 0.037691593170166016,
    "QDA": 0.020381927490234375,
    "MLP": 7.961631536483765,
    "GaussianNB": 0.008829116821289062,
    "KNN": 0.06853461265563965,
    "LogisticRegression": 1.799607515335083
}