{
    "DecisionTree": 0.6613883972167969,
    "RandomForest": 1.1568248271942139,
    "AdaBoost": 0.8158743381500244,
    "QDA": 0.18624234199523926,
    "MLP": 50.49359059333801,
    "GaussianNB": 0.09357285499572754,
    "KNN": 0.026139259338378906,
    "LogisticRegression": 6.001088619232178
}