{
    "DecisionTree": 0.39461755752563477,
    "RandomForest": 0.7429873943328857,
    "AdaBoost": 0.5996696949005127,
    "QDA": 0.10708379745483398,
    "MLP": 37.57626819610596,
    "GaussianNB": 0.06998848915100098,
    "KNN": 0.020004987716674805,
    "LogisticRegression": 4.520700693130493
}